{"designerVersion":"1.3.12","favorite":false,"id":"customModalButton","name":"modalButton","lastUpdate":1475883141169,"template":"<!-- The custom widget template is defined here\n   - You can use standard HTML tags and AngularJS built-in directives, scope and interpolation system\n   - Custom widget properties defined on the right can be used as variables in a templates with properties.newProperty\n   - Functions exposed in the controller can be used with ctrl.newFunction()\n   - You can use the 'environment' property injected in the scope when inside the Editor whiteboard. It allows to define a mockup\n     of the Custom Widget to be displayed in the whiteboard only. By default the widget is represented by an auto-generated icon\n     and its name (See the <span> below).\n-->\n \n<span ng-if=\"environment\"><identicon name=\"{{environment.component.id}}\" size=\"30\" background-color=\"[255,255,255, 0]\" foreground-color=\"[51,51,51]\"></identicon> {{environment.component.name}}</span>\n\n<modal-dialog show='ctrl.isShowModal' dialog-title='{{properties.modalTitle}}' width='75%' height='80%' \tclose=\"action.closeModal()\"> \n\t<div class=\"modal-content\" width='100%' height='100%' id=\"{{properties.cssContainerId}}_modal\">\n\t</div>\n</modal-dialog>\n \n<div class=\"text-{{ properties.alignment }}\">\n    <button\n        ng-class=\"'btn btn-' + properties.buttonStyle\"\n        ng-click=\"ctrl.openModal()\"\n        type=\"button\"\n        ng-disabled=\"properties.disabled || ctrl.busy\" ng-bind-html=\"properties.label | uiTranslate\"></button>\n</div>\n","controller":"/**\n * The controller is a JavaScript function that augments the AngularJS scope and exposes functions that can be used in the custom widget template\n * \n * Custom widget properties defined on the right can be used as variables in a controller with $scope.properties\n * To use AngularJS standard services, you must declare them in the main function arguments.\n * \n * You can leave the controller empty if you do not need it.\n */\nfunction ($scope, $element) {\n   \n    \n    // add a new variable in AngularJS scope. It'll be usable in the template directly with {{ backgroudColor }} \n    this.isShowModal = false;\n    \n    this.init = function() {\n        var source_elements = document.getElementsByClassName( $scope.properties.cssContainerId );\n        var targetmodal_element = document.getElementById( $scope.properties.cssContainerId+\"_modal\");\n   \n        if (! source_elements || source_elements.length === 0  )\n        {\n            alert(\"No element with class [\"+$scope.properties.cssContainerId+\"]\");\n            return;\n        }\n      \n        targetmodal_element.appendChild( source_elements[ 0 ] );\n\n    }\n    \n    var vm=this;\n    \n     angular.element(document).ready(function () {\n       vm.init();\n    });\n    \n    this.openModal = function() {\n        this.isShowModal = true;\n\n    }\n    this.closeModal = function () {\n}\n\n}","custom":true,"properties":[{"label":"Style","name":"buttonStyle","type":"choice","defaultValue":"info","choiceValues":["default","primary","success","info","warning","danger","link"],"bond":"constant"},{"label":"Disabled","name":"disabled","type":"boolean","defaultValue":false,"bond":"expression"},{"label":"Alignment","name":"alignment","type":"choice","defaultValue":"left","choiceValues":["left","center","right"],"bond":"constant"},{"label":"CssContainerId","name":"cssContainerId","help":"To know which container has to be place in the modal, give a special CSS to the container, like \"MyModal1\" and then reference the name here.","type":"text","bond":"constant"},{"label":"Label","name":"label","type":"text","defaultValue":"Click me","bond":"interpolation"},{"label":"Modal Title","name":"modalTitle","type":"text","defaultValue":"Title","bond":"interpolation"}],"assets":[{"id":"f0d45fd7-c2dd-48f1-9f41-a0dc2d872bea","name":"ng-modal.css","type":"css","order":1,"active":true,"external":false},{"id":"728783d2-4bf5-4fff-815a-ab4c3f0c0ef1","name":"ng-modal.min.js","type":"js","order":2,"active":true,"external":false}],"requiredModules":["ngModal"],"type":"widget"}