{"designerVersion":"1.3.12","favorite":false,"id":"177d1b98-a020-401c-bca4-2e2a95a7b80d","name":"demonstrateModal","type":"page","lastUpdate":1475883029794,"rows":[[{"type":"component","dimension":{"xs":12,"sm":12,"md":4,"lg":4},"propertyValues":{"cssClasses":{"type":"constant","value":""},"hidden":{"type":"constant","value":false},"required":{"type":"constant","value":false},"minLength":{"type":"constant","value":""},"maxLength":{"type":"constant","value":""},"readOnly":{"type":"constant","value":true},"labelHidden":{"type":"constant","value":false},"label":{"type":"interpolation","value":"Current user"},"labelPosition":{"type":"constant","value":"top"},"labelWidth":{"type":"constant","value":4},"placeholder":{"type":"interpolation"},"value":{"type":"variable","value":"currentUser.userName"},"type":{"type":"constant","value":"text"},"min":{"type":"constant"},"max":{"type":"constant"},"step":{"type":"constant","value":1}},"reference":"6bfe52cb-fea3-4367-9d56-4925943a09a5","id":"pbInput"},{"type":"component","dimension":{"xs":12,"sm":12,"md":4,"lg":4},"propertyValues":{"cssClasses":{"type":"constant","value":""},"hidden":{"type":"constant","value":false},"text":{"type":"interpolation","value":""},"alignment":{"type":"constant","value":"left"}},"reference":"a225383a-af8b-4df6-b080-3b1abefca3e3","id":"pbText"}],[{"type":"component","dimension":{"xs":12,"sm":12,"md":12,"lg":12},"propertyValues":{"cssClasses":{"type":"constant","value":""},"hidden":{"type":"constant","value":false},"buttonStyle":{"type":"constant","value":"info"},"disabled":{"type":"constant","value":false},"alignment":{"type":"constant","value":"left"},"cssContainerId":{"type":"constant","value":"bob"},"label":{"type":"interpolation","value":"Change"},"modalTitle":{"type":"interpolation","value":"Select a user"}},"reference":"de5fbf0d-ccef-430e-825f-52d00b8da3e5","id":"customModalButton"}],[{"type":"container","dimension":{"xs":12,"sm":12,"md":12,"lg":12},"propertyValues":{"cssClasses":{"type":"constant","value":"bob"},"hidden":{"type":"constant","value":false},"repeatedCollection":{"type":"variable"}},"reference":"0bfb5e85-44f6-45c8-82cd-bdaaf333e637","rows":[[{"type":"component","dimension":{"xs":12,"sm":12,"md":12,"lg":12},"propertyValues":{"cssClasses":{"type":"constant","value":""},"hidden":{"type":"constant","value":false},"text":{"type":"interpolation","value":"<br>"},"alignment":{"type":"constant","value":"left"}},"reference":"b62cf6ca-f2b8-489e-938d-84ac4137bdbd","id":"pbText"}],[{"type":"component","dimension":{"xs":12,"sm":12,"md":12,"lg":12},"propertyValues":{"cssClasses":{"type":"constant","value":""},"hidden":{"type":"constant","value":false},"headers":{"type":"constant","value":["First Name","Last Name","User Name"]},"content":{"type":"expression","value":"allUsers"},"columnsKey":{"type":"constant","value":["firstname","lastname","username"]},"selectedRow":{"type":"variable","value":"currentUser"}},"reference":"bbe39f78-ea04-4e38-8dca-7addabede749","id":"pbTable"}]]}]],"assets":[{"id":"70a02a0e-6cb0-470b-936e-46b51ccfc805","name":"ModalStyle.css","type":"css","order":1,"active":true,"external":false},{"id":"d65d0099-6bdc-4c21-af64-6c92d3268bd6","name":"localization.json","type":"json","order":0,"active":true,"external":false}],"inactiveAssets":[],"data":{"modals":{"type":"json","value":"{}","exposed":false},"currentUser":{"type":"json","value":"{}","exposed":false},"filter":{"type":"constant","exposed":false},"allUsers":{"type":"url","value":"../API/identity/user?c=10&p=0","exposed":false}}}